lot,route,status
LW-01,pass,READY
LW-02,hold,OPEN
LW-03,pass,READY
LW-04,pass,READY
LW-05,pass,READY
LW-06,pass,READY
LW-07,hold,OPEN
LW-08,hold,OPEN
LW-09,pass,READY
LW-10,pass,READY
LW-11,hold,OPEN
LW-12,hold,OPEN
LW-13,pass,READY
LW-14,pass,READY
LW-15,hold,OPEN
LW-16,pass,READY
LW-17,pass,READY
LW-18,pass,READY
LW-19,hold,RESOURCE_CONFLICT
LW-20,hold,OPEN
LW-21,pass,READY
LW-22,pass,READY
LW-23,pass,READY
LW-24,pass,READY
LW-25,pass,READY
LW-26,pass,READY
LW-27,pass,READY
LW-28,hold,OPEN
LW-29,pass,READY
LW-30,pass,READY
LW-31,pass,READY
LW-32,pass,READY
LW-33,hold,OPEN
LW-34,pass,READY
LW-35,pass,READY
LW-36,hold,OPEN
LW-37,pass,READY
LW-38,pass,READY
LW-39,pass,READY
LW-40,pass,READY
LW-41,hold,OPEN
LW-42,pass,READY
LW-43,pass,READY
LW-44,pass,READY
LW-45,pass,READY
LW-46,pass,READY
LW-47,pass,READY
LW-48,pass,READY
LW-49,pass,READY
LW-50,pass,READY
LW-51,pass,READY
LW-52,pass,READY
LW-53,pass,READY
LW-54,hold,OPEN
LW-55,hold,RESOURCE_CONFLICT
LW-56,pass,READY
LW-57,pass,READY
LW-58,pass,READY
LW-59,pass,READY
LW-60,pass,READY
LW-61,pass,READY
LW-62,pass,READY
LW-63,pass,READY
LW-64,hold,OPEN
LW-65,pass,READY
LW-66,pass,READY
LW-67,pass,READY
LW-68,pass,READY
LW-69,pass,READY
LW-70,pass,READY
LW-71,pass,READY
LW-72,pass,READY
LW-73,pass,READY
LW-74,pass,READY
LW-75,pass,READY
LW-76,pass,READY
LW-77,hold,OPEN
LW-78,pass,READY
LW-79,pass,READY
LW-80,pass,READY